{
  "country": ["России"],
  "kaliningrad": ["Калининградская область", "Калининград", "Багратионовск", "Балтийск", "Гвардейск", "Гурьевск", "Гусев", "Зеленоградск", "Краснознаменск", "Ладушкин", "Мамоново", "Неман", "Нестеров", "Озёрск", "Пионерский", "Полесск", "Правдинск", "Приморск", "Светлогорск", "Светлый", "Славск", "Советск", "Черняховск"],
  "altai": ["Алтайский край", "Барнаул", "Алейск", "Белокуриха", "Бийск", "Горняк", "Заринск", "Змеиногорск", "Камень-на-Оби", "Новоалтайск", "Рубцовск", "Славгород", "Яровое"],
  "amur": ["Амурская область", "Благовещенс", "Белогорск", "Завитинск", "Зея", "Райчихинск", "Свободный", "Сковородино", "Тында", "Циолковский", "Шимановск"],
  "arhangel": ["Архангельская область", "Архангельск", "Белушья Губа", "Березник", "Вельск", "Вычегодский", "Емца", "Каменка", "Каргополь", "Коноша", "Коряжма", "Котлас", "Кулой", "Малошуйка", "Мезень", "Мирный", "Няндома", "Новодвинск", "Обозерский", "Оксовский", "Октябрьский", "Онега", "Плесецк", "Приводино", "Пуксоозеро", "Самодед", "Савинский", "Северодвинск", "Североонежск", "Сольвычегодск", "Урдома", "Шенкурск", "Шипицыно"],
  "astrahan": ["Астраханская область", "Астрахань", "Ахтубинск", "Знаменск", "Камызяк", "Нариманов", "Харабали"],
  "bashkortostan": ["Республика Башкортостан", "Уфа", "Агидель", "Баймак", "Белебей", "Белорецк", "Бирск", "Благовещенск", "Давлеканово", "Дюртюли", "Ишимбай", "Кумертау", "Межгорье", "Мелеуз", "Нефтекамск", "Октябрьский", "Салават", "Сибай", "Стерлитамак", "Туймазы", "Учалы", "Янаул"],
  "belgorod": ["Белгородская область", "Белгород", "Алексеевка", "Бирюч", "Валуйки", "Грайворон", "Губкин", "Короча", "Новый Оскол", "Строитель", "Старый Оскол", "Шебекино"],
  "briansk": ["Брянская область", "Брянск", "Алтухово", "Белая Берёзка", "Белые Берега", "Большое Полпино", "Бытошь", "Выгоничи", "Вышков", "Дубровка", "Дятьково", "Жуковка", "Злынка", "Ивот", "Карачев", "Клетня", "Климово", "Клинцы", "Кокоревка", "Комаричи", "Красная Гора", "Локоть", "Любохна", "Мглин", "Навля", "Новозыбков", "Погар", "Почеп", "Радица-Крыловка", "Рамасуха", "Рогнедино", "Сельцо", "Севск", "Стародуб", "Старь", "Суземка", "Сураж", "Трубчевск", "Унеча", "Фокино"],
  "byriat": ["Республика Бурятия", "Улан-Удэ", "Бабушкин", "Гусиноозёрск", "Закаменск", "Кяхта", "Северобайкальск"],
  "chechnia": ["Чеченская Республика", "Грозный", "Аргун", "Гудермес", "Урус-Мартан", "Шали"],
  "cheliabinsk": ["Челябинская область", "Челябинск", "Аша", "Бакал", "Верхнеуральск", "Верхний Уфалей", "Еманжелинск", "Златоуст", "Карабаш", "Карталы", "Касли", "Катав-Ивановск", "Копейск", "Коркино", "Куса", "Кыштым", "Магнитогорск", "Миасс", "Миньяр", "Нязепетровск", "Озёрск", "Пласт", "Сатка", "Сим", "Снежинск", "Трёхгорный", "Троицк", "Усть-Катав", "Чебаркуль", "Южноуральск", "Юрюзань"],
  "chukot": ["Чукотский автономный округ", "Анадырь", "Билибино", "Певек"],
  "chuvash": ["Чувашская Республика", "Чебоксары", "Новочебоксарск", "Канаш", "Алатырь", "Шумерля", "Цивильск", "Козловка", "Мариинский Посад", "Ядрин "],
  "ar_altai": ["Республика Алтай", "Горно-Алтайск"],
  "ingush": ["Республика Ингушетия", "Магас", "Карабулак", "Малгобек", "Назрань", "Сунжа"],
  "irkutsk": ["Иркутская область", "Иркутск", "Алзамай", "Ангарск", "Байкальск", "Бирюсинск", "Бодайбо", "Братск", "Вихоревка", "Железногорск-Илимский", "Зима", "Киренск", "Нижнеудинск", "Саянск", "Свирск", "Слюдянка", "Тайшет", "Тулун", "Усолье-Сибирское", "Усть-Илимск", "Усть-Кут", "Черемхово", "Шелехов"],
  "ivanovo": ["Ивановская область", "Иваново", "Вичуга", "Гаврилов Посад", "Заволжск", "Кинешма", "Комсомольск", "Кохма", "Наволоки", "Плёс", "Приволжск", "Пучеж", "Родники", "Тейково", "Фурманов", "Шуя", "Южа", "Юрьевец"],
  "nalchik": ["Кабардино-Балкарская Республика", "Нальчик", "Баксан", "Майский", "Нарткала", "Прохладный", "Терек", "Тырныауз", "Чегем"],
  "cherkessk": ["Карачаево-Черкесская Республика", "Черкесск", "Карачаевск", "Теберда", "Усть-Джегута"],
  "krasnodar": ["Краснодарский край", "Краснодар", "Абинск", "Анапа", "Апшеронск", "Армавир", "Белореченск", "Геленджик", "Горячий Ключ", "Гулькевичи", "Ейск", "Кореновск", "Кропоткин", "Крымск", "Курганинск", "Лабинск", "Новокубанск", "Новороссийск", "Приморско-Ахтарск", "Славянск-на-Кубани", "Сочи", "Темрюк", "Тимашёвск", "Тихорецк", "Туапсе", "Усть-Лабинск", "Хадыженск"],
  "kemerovo": ["Кемеровская область", "Кемерово", "Белово", "Берёзовский", "Гурьевск", "Анжеро-Судженск", "Калтан", "Киселёвск", "Ленинск-Кузнецкий", "Мариинск", "Междуреченск", "Мыски", "Новокузнецк", "Осинники", "Полысаево", "Прокопьевск", "Салаир", "Тайга", "Таштагол", "Топки", "Юрга"],
  "kaluga": ["Калужская облать", "Калуга", "Балабаново", "Белоусово", "Боровск", "Ермолино", "Жиздра", "Жуков", "Киров", "Козельск", "Кондрово", "Кремёнки", "Людиново", "Малоярославец", "Медынь", "Мещовск", "Мосальск", "Обнинск", "Сосенский", "Спас-Деменск", "Сухиничи", "Таруса", "Юхнов"],
  "habarovsk": ["Хабаровский край", "Хабаровск", "Амурск", "Бикин", "Вяземский", "Комсомольск-на-Амуре", "Николаевск-на-Амуре", "Советская Гавань"],
  "karelia": ["Республика Карелия", "Петрозаводск", "Кондопога", "Сегежа", "Костомукша", "Сортавала", "Медвежьегорск", "Кемь", "Питкяранта", "Беломорск", "Суоярви", "Пудож", "Олонец", "Лахденпохья"],
  "hakasia": ["Республика Хакасия", "Абакан", "Абаза", "Саяногорск", "Сорск", "Черногорск"],
  "kalmyk": ["Республика Калмыкия", "Элиста", "Городовиковск", "Лагань"],
  "khantymansiysk": ["Ханты-Мансийский автономный округ", "Ханты-Мансийск", "Белоярский", "Когалым", "Лангепас", "Лянтор", "Мегион", "Нефтеюганск", "Нижневартовск", "Нягань", "Покачи", "Пыть-Ях", "Радужный", "Советский", "Сургут", "Урай", "Югорск"],
  "komi": ["Республика Коми", "Сыктывкар", "Ухта", "Воркута", "Печора", "Усинск", "Сосногорск", "Инта", "Емва", "Вуктыл", "Микунь"],
  "kamchatka": ["Камчатский край", "Петропавловск-Камчатский", "Вилючинск", "Елизово"],
  "kursk": ["Курская область", "Курск", "Дмитриев", "Железногорск", "Курчатов", "Льгов", "Обоянь", "Рыльск", "Суджа", "Фатеж", "Щигры"],
  "kostroma": ["Костромская область", "Кострома", "Буй", "Волгореченск", "Галич", "Кологрив", "Макарьев", "Мантурово", "Нерехта", "Нея", "Солигалич", "Чухлома", "Шарья"],
  "kurgan": ["Курганская область", "Курган", "Далматово", "Катайск", "Куртамыш", "Макушино", "Петухово", "Шадринск", "Шумиха", "Щучье"],
  "kirov": ["Кировская область", "Киров", "Белая Холуница", "Вятские Поляны", "Зуевка", "Кирово-Чепецк", "Кирс", "Котельнич", "Луза", "Малмыж", "Мураши", "Нолинск", "Омутнинск", "Орлов", "Слободской", "Советск", "Сосновка", "Уржум", "Яранск"],
  "krasnoiarsk": ["Красноярский край", "Красноярск", "Артёмовск", "Ачинск", "Боготол", "Бородино", "Дивногорск", "Дудинка", "Енисейск", "Железногорск", "Заозёрный", "Зеленогорск", "Игарка", "Иланский", "Канск", "Кодинск", "Лесосибирск", "Минусинск", "Назарово", "Норильск", "Сосновоборск", "Ужур", "Уяр", "Шарыпово"],
  "leningrad": ["Ленинградская область", "Санкт-Петербург", "Бокситогорск", "Волосово", "Волхов", "Всеволожск", "Выборг", "Высоцк", "Гатчина", "Ивангород", "Каменногорск", "Кингисепп", "Кириши", "Кировск", "Коммунар", "Лодейное Поле", "Луга", "Любань", "Никольское", "Новая Ладога", "Отрадное", "Пикалёво", "Подпорожье", "Приморск", "Приозерск", "Светогорск", "Сертолово", "Сланцы", "Сосновый Бор", "Сясьстрой", "Тихвин", "Тосно", "Шлиссельбург"],
  "lipetsk": ["Липецкая область", "Липецк", "Грязи", "Данков", "Елец", "Задонск", "Лебедянь", "Усмань", "Чаплыгин"],
  "moskov": ["Московская область", "Москва", "Апрелевка", "Балашиха", "Бронницы", "Верея", "Видное", "Волоколамск", "Воскресенск", "Высоковск", "Голицыно", "Дедовск", "Дзержинский", "Дмитров", "Долгопрудный", "Домодедово", "Дрезна", "Дубна", "Егорьевск", "Жуковский", "Зарайск", "Звенигород", "Ивантеевка", "Истра", "Кашира", "Клин", "Коломна", "Королёв", "Котельники", "Красноармейск", "Красногорск", "Краснозаводск", "Краснознаменск", "Кубинка", "Куровское", "Ликино-Дулёво", "Лобня", "Лосино-Петровский", "Луховицы", "Лыткарино", "Люберцы", "Можайск", "Мытищи", "Наро-Фоминск", "Ногинск", "Одинцово", "Озёры", "Орехово-Зуево", "Павловский Посад", "Пересвет", "Подольск", "Протвино", "Пушкино", "Пущино", "Раменское", "Реутов", "Рошаль", "Руза", "Сергиев Посад", "Серпухов", "Солнечногорск", "Старая Купавна", "Ступино", "Талдом", "Фрязино", "Химки", "Хотьково", "Черноголовка", "Чехов", "Шатура", "Щёлково", "Электрогорск", "Электросталь", "Электроугли", "Яхрома"],
  "mariel": ["Республика Марий Эл", "Йошкар-Ола", "Волжск", "Звенигово", "Козьмодемьянск"],
  "magadan": ["Магаданская область", "Магадан", "Сусуман"],
  "murmansk": ["Мурманская область", "Мурманск", "Апатиты", "Гаджиево", "Заозёрск", "Заполярный", "Кандалакша", "Кировск", "Ковдор", "Кола", "Мончегорск", "Оленегорск", "Островной", "Полярные Зори", "Полярный", "Североморск", "Снежногорск"],
  "mordovia": ["Республика Мордовия", "Саранск", "Ардатов", "Инсар", "Ковылкино", "Краснослободск", "Рузаевка", "Темников"],
  "novgorod": ["Новгородская область", "Великий Новгород", "Боровичи", "Валдай", "Малая Вишера", "Окуловка", "Пестово", "Пестово", "Старая Русса", "Холм", "Чудово"],
  "nenetc": ["Ненецкий автономный округ", "Нарьян-Мар"],
  "osetia": ["Республика Северная Осетия", "Владикавказ", "Алагир", "Ардон", "Беслан", "Дигора", "Моздок"],
  "novosibirsk": ["Новосиби́рская о́бласть", "Новосибирск", "Барабинск", "Бердск", "Болотное", "Искитим", "Карасук", "Каргат", "Куйбышев", "Купино", "Обь", "Татарск", "Тогучин", "Черепаново", "Чулым"],
  "nizegorod": ["Нижегородская область", "Нижний Новгород", "Арзамас", "Балахна", "Богородск", "Бор", "Ветлуга", "Володарск", "Ворсма", "Выкса", "Горбатов", "Городец", "Дзержинск", "Заволжье", "Княгинино", "Кстово", "Кулебаки", "Лукоянов", "Лысково", "Навашино", "Павлово", "Первомайск", "Перевоз", "Саров", "Семёнов", "Сергач", "Урень", "Чкаловск", "Шахунья"],
  "orenburg": ["Оренбургская область", "Оренбург", "Абдулино", "Бугуруслан", "Бузулук", "Гай", "Кувандык", "Медногорск", "Новотроицк", "Орск", "Соль-Илецк", "Сорочинск", "Ясный"],
  "orlov": ["Орловская область", "Орёл", "Болхов", "Дмитровск", "Ливны", "Малоархангельск", "Мценск", "Новосиль"],
  "omsk": ["Омская область", "	Омск", "Исилькуль", "Калачинск", "Называевск", "Тара", "Тюкалинск"],
  "perm": ["Пермский край", "Пермь", "Александровск", "Березники", "Верещагино", "Горнозаводск", "Гремячинск", "Губаха", "Добрянка", "Кизел", "Красновишерск", "Краснокамск", "Кудымкар", "Кунгур", "Лысьва", "Нытва", "Оса", "Оханск", "Очёр", "Соликамск", "Усолье", "Чайковский", "Чердынь", "Чёрмоз", "Чернушка", "Чусовой"],
  "primorie": ["Приморский край", "Владивосток", "Арсеньев", "Артём", "Большой Камень", "Дальнегорск", "Дальнереченск", "Лесозаводск", "Находка", "Партизанск", "Спасск-Дальний", "Уссурийск", "Фокино"],
  "pskov": ["Псковская область", "Псков", "Великие Луки", "Остров", "Невель", "	Опочка", "Печоры", "Порхов", "Дно", "Дедовичи", "Новосокольники", "Струги Красные", "Себеж", "Пыталово", "Идрица", "Пушкинские Горы", "Пустошка", "Красногородск", "Бежаницы", "Гдов", "Локня", "Новоржев", "Кунья", "Плюсса", "Усвяты", "Сосновый Бор", "Палкино", "Заплюсье", "Красный Луч"],
  "penza": ["Пензенская область", "Пенза", "Башмаково", "Беково", "Белинский", "Верхозим", "Городище", "Евлашево", "Заречный", "Земетчино", "Золотарёвка", "Исса", "Каменка", "Колышлей", "Кузнецк", "Лунино", "Мокшан", "Нижний Ломов", "Никольск", "Пачелма", "Сердобск", "Сосновоборск", "Спасск", "Сура", "Сурск", "Тамала", "Чаадаевка", "Шемышейка"],
  "rostov": ["Ростовская область", "Ростов-на-Дону", "Азов", "Аксай", "Батайск", "Белая Калитва", "Волгодонск", "Гуково", "Донецк", "Зверево", "Зерноград", "Каменск-Шахтинский", "Константиновск", "Красный Сулин", "Миллерово", "Морозовск", "Новочеркасск", "Новошахтинск", "Пролетарск", "Сальск", "Семикаракорск", "Таганрог", "Цимлянск", "Шахты"],
  "riazan": ["Рязанская область", "Рязань", "Касимов", "Кораблино", "Михайлов", "Новомичуринск", "Рыбное", "Ряжск", "Сасово", "Скопин", "Спас-Клепики", "Спасск-Рязанский", "Шацк"],
  "samara": ["Самарская область", "Самара", "Тольятти", "Сызрань", "Жигулёвск", "Кинель", "Нефтегорск", "Новокуйбышевск", "Октябрьск", "Отрадный", "Похвистнево", "Чапаевск"],
  "saha": ["Республика Саха (Якутия)", "Якутск", "Алдан", "Верхоянск", "Вилюйск", "Ленск", "Мирный", "Нерюнгри", "Нюрба", "Олёкминск", "Покровск", "Среднеколымск", "Томмот", "Удачный"],
  "sahalin": ["Сахалинская область", "Южно-Сахалинск", "Александровск-Сахалинский", "Анива", "Долинск", "Корсаков", "Курильск", "Макаров", "Невельск", "Оха", "Поронайск", "Северо-Курильск", "Томари", "Углегорск", "Холмск"],
  "smolensk": ["Смоленская область", "Смоленск", "Вязьма", "Рославль", "Ярцево", "Сафоново", "Гагарин", "Десногорск", "Дорогобуж", "Рудня", "Ельня", "Починок", "Сычёвка", "Велиж", "Демидов", "Духовщина"],
  "saratov": ["Саратовская область", "Саратов", "Аркадак", "Аткарск", "Балаково", "Балашов", "Вольск", "Ершов", "Калининск", "Красноармейск", "Красный Кут", "Маркс", "Новоузенск", "Петровск", "Пугачёв", "Ртищево", "Хвалынск", "Шиханы", "Энгельс"],
  "starvopol": ["Ставропольский край", "Ставрополь", "Светлоград", "Пятигорск", "Новопавловск", "Новоалександровск", "Нефтекумск", "Невинномысск", "Михайловск", "Минеральные Воды", "Лермонтов", "Кисловодск", "Ипатово", "Изобильный", "Зеленокумск", "Железноводск", "Ессентуки", "Георгиевск", "Будённовск", "Благодарный"],
  "sverdlovsk": ["Свердловская область", "Екатеринбург", "Алапаевск", "Арамиль", "Артёмовский", "Асбест", "Берёзовский", "Богданович", "Верхний Тагил", "Верхняя Пышма", "Верхняя Салда", "Верхняя Тура", "Верхотурье", "Волчанск", "Дегтярск", "Заречный", "Ивдель", "Ирбит", "Каменск-Уральский", "Камышлов", "Карпинск", "Качканар", "Кировград", "Краснотурьинск", "Красноуральск", "Красноуфимск", "Кушва", "Лесной", "Михайловск", "Невьянск", "Нижние Серги", "Нижний Тагил", "Нижняя Салда", "Нижняя Тура", "Новая Ляля", "Новоуральск", "Первоуральск", "Полевской", "Ревда", "Реж", "Североуральск", "Серов", "Среднеуральск", "Сухой Лог", "Сысерть", "Тавда", "Талица", "Туринск"],
  "tambov": ["Тамбовская область", "Тамбов", "Дмитриевка", "Инжавино", "Кирсанов", "Котовск", "Мичуринск", "Мордово", "Моршанск", "Мучкапский", "Новая Ляда", "Новопокровка", "Первомайский", "Рассказово", "Ржакса", "Жердевка", "Знаменка", "Сосновка", "Токарёвка", "Умёт", "Уварово"],
  "tomsk": ["Томская область", "Томск", "Асино", "Кедровый", "Колпашево", "Северск", "Стрежевой"],
  "tulsk": ["Тульская область", "Тула", "Алексин", "Белёв", "Богородицк", "Болохово", "Венёв", "Донской", "Ефремов", "Кимовск", "Киреевск", "Липки", "Новомосковск", "Плавск", "Советск", "Суворов", "Узловая", "Чекалин", "Щёкино", "Ясногорск"],
  "tatarstan": ["Республика Татарстан", "Казань", "Агрыз", "Азнакаево", "Аксубаево", "Актюбинский", "Алексеевское", "Альметьевск", "Апастово", "Арск", "Балтаси", "Бавлы", "Богатые Сабы", "Болгар", "Бугульма", "Буинск", "Васильево", "Джалиль", "Елабуга", "Заинск", "Зеленодольск", "Иннополис", "Камские Поляны", "Камское Устье", "Карабаш", "Куйбышевский Затон", "Кукмор", "Лаишево", "Лениногорск", "Мамадыш", "Менделеевск", "Мензелинск", "Набережные Челны", "Нижнекамск", "Нижние Вязовые", "Нижняя Мактама", "Нурлат", "Рыбная Слобода", "Тенишево", "Тетюши", "Уруссу", "Чистополь"],
  "tiva": ["Республика Тыва", "Кызыл", "Ак-Довурак", "Шагонар", "Чадан", "Туран"],
  "tver": ["Тверская область", "Тверь", "Андреаполь", "Бежецк", "Белый", "Бологое", "Весьегонск", "Вышний Волочёк", "Западная Двина", "Зубцов", "Калязин", "Кашин", "Кимры", "Конаково", "Красный Холм", "Кувшиново", "Лихославль", "Нелидово", "Осташков", "Ржев", "Старица", "Торжок", "Торопец", "Удомля"],
  "tumen": ["Тюменская область", "Тюмень", "Заводоуковск", "Ишим", "Тобольск", "Ялуторовск"],
  "udmurdia": ["Удмуртская Республика", "Ижевск", "Воткинск", "Глазов", "Камбарка", "Можга", "Сарапул"],
  "ulianovsk": ["Ульяновская область", "Ульяновск", "Барыш", "Димитровград", "Инза", "Новоульяновск", "Сенгилей"],
  "volgograd": ["Волгоградская область", "Волгоград", "Волжский", "Дубовка", "Жирновск", "Калач-на-Дону", "Камышин", "Котельниково", "Котово", "Краснослободск", "Ленинск", "Михайловка", "Николаевск", "Новоаннинский", "Палласовка", "Петров Вал", "Серафимович", "Суровикино", "Урюпинск", "Фролово"],
  "vladimir": ["Владимирская область", "Владимир", "Александров", "Вязники", "Гороховец", "Гусь-Хрустальный", "Камешково", "Карабаново", "Киржач", "Ковров", "Кольчугино", "Костерёво", "Курлово", "Лакинск", "Меленки", "Муром", "Петушки", "Покров", "Радужный", "Собинка", "Струнино", "Судогда", "Суздаль", "Юрьев-Польский"],
  "iamalo-nenetc": ["Ямало-Ненецкий автономный округ", "Салехард", "Губкинский", "Лабытнанги", "Муравленко", "Надым", "Новый Уренгой", "Ноябрьск", "Тарко-Сале"],
  "vologda": ["Вологодская область", "Вологда", "Бабаево", "Белозерск", "Великий Устюг", "Вытегра", "Грязовец", "Кадников", "Кириллов", "Красавино", "Никольск", "Сокол", "Тотьма", "Устюжна", "Харовск", "Череповец"],
  "voronez": ["Воронежская область", "Воронеж", "Бобров", "Богучар", "Борисоглебск", "Бутурлиновка", "Калач", "Лиски", "Нововоронеж", "Новохопёрск", "Острогожск", "Павловск", "Поворино", "Россошь", "Семилуки", "Эртиль"],
  "iaroslavl": ["Ярославская область", "Ярославль", "Гаврилов-Ям", "Данилов", "Любим", "Мышкин", "Переславль-Залесский", "Пошехонье", "Ростов", "Рыбинск", "Тутаев", "Углич"],
  "evrei": ["Еврейская автономная область", "Биробиджан", "Облучье"],
  "zabaikal": ["Забайкальский край", "Чита", "Балей", "Борзя", "Краснокаменск", "Могоча", "Нерчинск", "Петровск-Забайкальский", "Сретенск", "Хилок", "Шилка"]
}




